{
	"schema": "1.0",
	"type": "whmcs-addons",
	"name": "cnicdnsmanager-addon",
	"license": "MIT",
	"category": "digitalservices",
	"description": {
		"name": "CentralNic DNS Manager Addon v27.2.1",
		"tagline": "Manage DNS records for your domains",
		"long": "This addon allows you to manage DNS records for your domains directly from the WHMCS interface. You can create, edit, and delete DNS records with ease, providing a seamless experience for managing your domain's DNS settings.",
		"features": ["Create, edit, and delete DNS records for your domains"]
	},
	"logo": {
		"filename": "logo.png"
	},
	"support": {
		"homepage": "https://www.centralnicreseller.com/",
		"learn_more": "https://github.com/centralnicgroup-opensource/rtldev-middleware-whmcs/blob/main/README.md",
		"support_url": "https://www.centralnicreseller.com/",
		"docs_url": "https://centralnic-reseller.github.io/centralnic-reseller/"
	},
	"authors": [
		{
			"name": "CentralNic Reseller",
			"homepage": "https://www.centralnicreseller.com/"
		}
	]
}
