{
    "templates": {
        "default": {
            "": {
                "subject": "{$resellerLabel}: Change of domain provider for your domain {$domain_name}",
                "file": "dist.tpl_client_default_english.tpl"
            },
            "english": {
                "subject": "{$resellerLabel}: Change of domain provider for your domain {$domain_name}",
                "file": "dist.tpl_client_default_english.tpl"
            },
            "french": {
                "subject": "{$resellerLabel}: Changement de fournisseur de domaine pour votre domaine {$domain_name}",
                "file": "dist.tpl_client_default_french.tpl"
            }
        },
        "com": {
            "": {
                "subject": "{$resellerLabel}: Change of domain provider for your .COM domain {$domain_name}",
                "file": "dist.tpl_client_com_english.tpl"
            },
            "english": {
                "subject": "{$resellerLabel}: Change of domain provider for your .COM domain {$domain_name}",
                "file": "dist.tpl_client_com_english.tpl"
            },
            "french": {
                "subject": "{$resellerLabel}: Changement de fournisseur de domaine pour votre .COM domaine {$domain_name}",
                "file": "dist.tpl_client_com_french.tpl"
            }
        }
    }
}