{
  "schema": "1.0",
  "type": "whmcs-addons",
  "name": "cnicmigration",
  "license": "MIT",
  "category": "digitalservices",
  "description": {
    "name": "CNIC Migration Tool v16.11.0",
    "tagline": "This Module allows to migrate existing Domains to brands of the CentralNic Group PLC.",
    "long": "",
    "features": [
      "Migrate Domain's from any Registrar in the world to a chosen Brand of the CentralNic Group PLC.",
      "Consolidate your portfolio."
    ]
  },
  "logo": {
    "filename": "logo.png"
  },
  "support": {
    "homepage": "https:\/\/www.centralnicreseller.com\/",
    "learn_more": "https:\/\/github.com\/centralnicgroup-opensource\/rtldev-middleware-whmcs\/blob\/main\/README.md",
    "support_url": "https:\/\/hexonet.support\/en\/new-ticket.php",
    "docs_url": "https:\/\/centralnic-reseller.github.io\/centralnic-reseller\/docs\/cnic\/whmcs\/whmcs-migration\/"
  },
  "authors": [
    {
      "name": "HEXONET",
      "homepage": "https:\/\/hexonet.support\/en\/new-ticket.php"
    }
  ]
}