{
  "schema": "1.0",
  "type": "whmcs-addons",
  "name": "cnicdns-addon",
  "license": "MIT",
  "category": "digitalservices",
  "description": {
    "name": "CentralNic Reseller DNS Addon v23.7.8",
    "tagline": "Manage DNS",
    "long": "",
    "features": [
      "Manage DNS zones for your domains at CentralNic Reseller"
    ]
  },
  "logo": {
    "filename": "logo.png"
  },
  "support": {
    "homepage": "https:\/\/www.centralnicreseller.com\/",
    "learn_more": "https:\/\/github.com\/centralnicgroup-opensource\/rtldev-middleware-whmcs\/blob\/main\/README.md",
    "support_url": "https:\/\/www.centralnicreseller.com\/",
    "docs_url": "https:\/\/centralnic-reseller.github.io\/centralnic-reseller\/"
  },
  "authors": [
    {
      "name": "CentralNic Reseller",
      "homepage": "https:\/\/www.centralnicreseller.com\/"
    }
  ]
}