{
  "schema": "1.0",
  "type": "whmcs-addons",
  "name": "cnicssl-addon",
  "license": "MIT",
  "category": "digitalservices",
  "description": {
    "name": "\u0000 Domain SSL",
    "tagline": "Import and synchronize SSL products with ease using cnic SSL addon.",
    "long": "",
    "features": [
      "Resell all certificate classes offered by HEXONET and CentralNic Reseller",
      "Import products with pricing and profit margins",
      "Create, renew and revoke certificates",
      "Support for testing environment"
    ]
  },
  "logo": {
		"filename": "../../registrars/cnic/logo.png"
  },
  "support": {
    "homepage": "https:\/\/www.centralnicreseller.com\/",
    "learn_more": "https:\/\/github.com\/centralnicgroup-opensource\/rtldev-middleware-whmcs\/blob\/main\/README.md",
    "support_url": "https:\/\/www.centralnicreseller.com\/",
    "docs_url": "https://support.centralnicreseller.com/hc/en-gb/articles/13508595258653-WHMCS-SSLCert-Provisioning-Addon"
  },
  "authors": [
    {
      "name": "CentralNic Reseller",
      "homepage": "https:\/\/www.centralnicreseller.com\/"
    }
  ]
}