{
  "schema": "1.0",
  "type": "whmcs-addons",
  "name": "cnicssl-addon",
  "license": "MIT",
  "category": "digitalservices",
  "description": {
    "name": "CentralNic SSL Addon v17.2.22",
    "tagline": "Import and synchronize SSL products",
    "long": "",
    "features": [
      "Resell all certificate classes offered by HEXONET and CentralNic Reseller",
      "Import products with pricing and profit margins",
      "Create, renew and revoke certificates",
      "Support for testing environment"
    ]
  },
  "logo": {
    "filename": "logo.png"
  },
  "support": {
    "homepage": "https:\/\/www.centralnicreseller.com\/",
    "learn_more": "https:\/\/github.com\/centralnicgroup-opensource\/rtldev-middleware-whmcs\/blob\/main\/README.md",
    "support_url": "https:\/\/www.centralnicreseller.com\/",
    "docs_url": "https:\/\/centralnic-reseller.github.io\/centralnic-reseller\/"
  },
  "authors": [
    {
      "name": "CentralNic Reseller",
      "homepage": "https:\/\/www.centralnicreseller.com\/"
    }
  ]
}