{
  "schema": "1.0",
  "type": "whmcs-registrars",
  "name": "cnic",
  "license": "MIT",
  "category": "domains",
  "description": {
    "name": "CentralNic Reseller v22.2.1",
    "tagline": "A provider of reseller wholesale domain services."
  },
  "logo": {
    "filename": "logo.png"
  },
  "support": {
    "homepage": "https:\/\/www.centralnicreseller.com\/",
    "learn_more": "https:\/\/github.com\/centralnicgroup-opensource\/rtldev-middleware-whmcs\/blob\/main\/README.md",
    "support_url": "https:\/\/www.centralnicreseller.com\/",
    "docs_url": "https:\/\/centralnic-reseller.github.io\/centralnic-reseller\/"
  },
  "authors": [
    {
      "name": "Sebastian Vassiliou",
      "email": "sebastian.vassiliou@centralnic.com"
    }
  ]
}