{
  "securesiteflexov": {
    "provider": "DigiCert",
    "name": "Secure Site Flex OV",
    "features": {
      "type": "OV",
      "wildcard": false,
      "domains": 24
    },
    "dnsAuth": true,
    "fileAuth": true
  },
  "securesiteflexov-wildcard": {
    "provider": "DigiCert",
    "name": "Secure Site Flex Wildcard OV",
    "features": {
      "type": "OV",
      "wildcard": true,
      "domains": 24
    },
    "dnsAuth": true,
    "fileAuth": true
  },
  "securesiteflexev": {
    "provider": "DigiCert",
    "name": "Secure Site Flex EV",
    "features": {
      "type": "EV",
      "wildcard": false,
      "domains": 24
    },
    "dnsAuth": true,
    "fileAuth": true
  },
  "securesiteproov": {
    "provider": "DigiCert",
    "name": "Secure Site Pro OV",
    "features": {
      "type": "OV",
      "wildcard": false,
      "domains": 24
    },
    "dnsAuth": true,
    "fileAuth": true
  },
  "securesiteproov-wildcard": {
    "provider": "DigiCert",
    "name": "Secure Site Pro Wildcard OV",
    "features": {
      "type": "OV",
      "wildcard": true,
      "domains": 24
    },
    "dnsAuth": true,
    "fileAuth": true
  },
  "securesiteproev": {
    "provider": "DigiCert",
    "name": "Secure Site Pro EV",
    "features": {
      "type": "EV",
      "wildcard": false,
      "domains": 24
    },
    "dnsAuth": true,
    "fileAuth": true
  },
  "geotrustflexdv": {
    "provider": "GeoTrust",
    "name": "QuickSSL Flex DV",
    "features": {
      "type": "DV",
      "wildcard": false,
      "domains": 3
    },
    "dnsAuth": true,
    "fileAuth": true
  },
  "geotrustflexdv-wildcard": {
    "provider": "GeoTrust",
    "name": "QuickSSL Flex Wildcard DV",
    "features": {
      "type": "DV",
      "wildcard": true,
      "domains": 3
    },
    "dnsAuth": true,
    "fileAuth": true
  },
  "geotrusttruebizidov": {
    "provider": "GeoTrust",
    "name": "True Business ID OV",
    "features": {
      "type": "OV",
      "wildcard": false,
      "domains": 24
    },
    "dnsAuth": true,
    "fileAuth": true
  },
  "geotrusttruebizidov-wildcard": {
    "provider": "GeoTrust",
    "name": "True Business ID Wildcard OV",
    "features": {
      "type": "OV",
      "wildcard": true,
      "domains": 24
    },
    "dnsAuth": true,
    "fileAuth": true
  },
  "geotrusttruebizidev": {
    "provider": "GeoTrust",
    "name": "True Business ID EV",
    "features": {
      "type": "EV",
      "wildcard": false,
      "domains": 24
    },
    "dnsAuth": true,
    "fileAuth": true
  },
  "rapidssldv": {
    "provider": "RapidSSL",
    "name": "Certificate",
    "features": {
      "type": "DV",
      "wildcard": false
    },
    "dnsAuth": true,
    "fileAuth": true
  },
  "rapidssldv-wildcard": {
    "provider": "RapidSSL",
    "name": "Wildcard Certificate",
    "features": {
      "type": "DV",
      "wildcard": true
    },
    "dnsAuth": true,
    "fileAuth": true
  },
  "singledomainev": {
    "provider": "Sectigo",
    "name": "SSL EV",
    "features": {
      "type": "EV",
      "wildcard": false
    },
    "dnsAuth": true,
    "fileAuth": true
  },
  "instantsslov": {
    "provider": "Sectigo",
    "name": "Instant SSL",
    "features": {
      "type": "OV",
      "wildcard": false
    },
    "dnsAuth": true,
    "fileAuth": true
  },
  "instantsslov-wildcard": {
    "provider": "Sectigo",
    "name": "Instant Wildcard SSL",
    "features": {
      "type": "OV",
      "wildcard": true
    },
    "dnsAuth": true,
    "fileAuth": true
  },
  "multidomaindv": {
    "provider": "Sectigo",
    "name": "Multi-Domain SSL DV",
    "features": {
      "type": "DV",
      "wildcard": false,
      "domains": 24
    },
    "dnsAuth": true,
    "fileAuth": true
  },
  "multidomaindv-wildcard": {
    "provider": "Sectigo",
    "name": "Multi-Domain Wildcard SSL DV",
    "features": {
      "type": "DV",
      "wildcard": true,
      "domains": 24
    },
    "dnsAuth": true,
    "fileAuth": true
  },
  "multidomainev": {
    "provider": "Sectigo",
    "name": "Multi-Domain SSL EV",
    "features": {
      "type": "EV",
      "wildcard": false,
      "domains": 24
    },
    "dnsAuth": true,
    "fileAuth": true
  },
  "multidomainov": {
    "provider": "Sectigo",
    "name": "Multi-Domain SSL OV",
    "features": {
      "type": "OV",
      "wildcard": false,
      "domains": 24
    },
    "dnsAuth": true,
    "fileAuth": true
  },
  "multidomainov-wildcard": {
    "provider": "Sectigo",
    "name": "Multi-Domain Wildcard SSL OV",
    "features": {
      "type": "OV",
      "wildcard": true,
      "domains": 24
    },
    "dnsAuth": true,
    "fileAuth": true
  },
  "positivessldv": {
    "provider": "Sectigo",
    "name": "Positive SSL",
    "features": {
      "type": "DV",
      "wildcard": false
    },
    "dnsAuth": true,
    "fileAuth": true
  },
  "positivessldv-wildcard": {
    "provider": "Sectigo",
    "name": "Positive Wildcard SSL",
    "features": {
      "type": "DV",
      "wildcard": true
    },
    "dnsAuth": true,
    "fileAuth": true
  },
  "premiumov": {
    "provider": "Sectigo",
    "name": "Premium SSL",
    "features": {
      "type": "OV",
      "wildcard": false
    },
    "dnsAuth": true,
    "fileAuth": true
  },
  "unifiedcommunicationsdv": {
    "provider": "Sectigo",
    "name": "DV SSL Unified Communications",
    "features": {
      "type": "DV",
      "wildcard": false,
      "domains": 24
    },
    "dnsAuth": true,
    "fileAuth": true
  },
  "unifiedcommunicationsdv-wildcard": {
    "provider": "Sectigo",
    "name": "DV SSL Unified Communications Wildcard",
    "features": {
      "type": "DV",
      "wildcard": true,
      "domains": 24
    },
    "dnsAuth": true,
    "fileAuth": true
  },
  "unifiedcommunicationsov": {
    "provider": "Sectigo",
    "name": "OV SSL Unified Communications",
    "features": {
      "type": "OV",
      "wildcard": false,
      "domains": 24
    },
    "dnsAuth": true,
    "fileAuth": true
  },
  "unifiedcommunicationsov-wildcard": {
    "provider": "Sectigo",
    "name": "OV SSL Unified Communications Wildcard",
    "features": {
      "type": "OV",
      "wildcard": true,
      "domains": 24
    },
    "dnsAuth": true,
    "fileAuth": true
  },
  "ssl123dv": {
    "provider": "thawte",
    "name": "SSL 123",
    "features": {
      "type": "DV",
      "wildcard": false
    },
    "dnsAuth": true,
    "fileAuth": true
  },
  "ssl123dv-wildcard": {
    "provider": "thawte",
    "name": "SSL 123 Wildcard",
    "features": {
      "type": "DV",
      "wildcard": true
    },
    "dnsAuth": true,
    "fileAuth": true
  },
  "webserverev": {
    "provider": "thawte",
    "name": "SSL Webserver EV",
    "features": {
      "type": "EV",
      "wildcard": false,
      "domains": 24
    },
    "dnsAuth": true,
    "fileAuth": true
  },
  "webserverov": {
    "provider": "thawte",
    "name": "SSL Webserver OV",
    "features": {
      "type": "OV",
      "wildcard": false,
      "domains": 24
    },
    "dnsAuth": true,
    "fileAuth": true
  },
  "webserverov-wildcard": {
    "provider": "thawte",
    "name": "SSL Webserver Wildcard OV",
    "features": {
      "type": "OV",
      "wildcard": true,
      "domains": 24
    },
    "dnsAuth": true,
    "fileAuth": true
  }
}
