{
  "phpcsparams": "--extensions=php --ignore=node_modules,vendor,templates_c -q .",
  "phpcsfixcmd": "phpcbf --standard=PSR12",
  "phpcschkcmd": "phpcs -n --colors --standard=PSR12",
  "phpstancmd": "./vendor/bin/phpstan analyse",
  "archiveFileName": "whmcs-ispapi-backorder",
  "archiveBuildPath": "build",
  "filesForArchive": [
    "README.md",
    "CONTRIBUTING.md",
    "HISTORY.md",
    "LICENSE",
    "modules/**"
  ],
  "filesForCleanup": [
    "templates_c",
    "composer.lock",
    ".phpunit.result.cache",
    "tmp"
  ]
}
