{
	"schema": "1.0",
	"type": "whmcs-addons",
	"name": "cnicdomainmonitoring-addon",
	"license": "MIT",
	"category": "digitalservices",
	"description": {
		"name": "CentralNic Domain Monitoring Addon v24.9.2",
		"tagline": "Sync premium status and apply pricing updates to domains",
		"long": "",
		"features": []
	},
	"logo": {
		"filename": "logo.png"
	},
	"support": {
		"homepage": "https://www.centralnicreseller.com/",
		"learn_more": "https://github.com/centralnicgroup-opensource/rtldev-middleware-whmcs/blob/main/README.md",
		"support_url": "https://www.centralnicreseller.com/",
		"docs_url": "https://centralnic-reseller.github.io/centralnic-reseller/"
	},
	"authors": [
		{
			"name": "CentralNic Reseller",
			"homepage": "https://www.centralnicreseller.com/"
		}
	]
}
