{
    "schema": "1.0",
    "type": "whmcs-registrars",
    "name": "ispapi",
    "license": "MIT",
    "category": "domains",
    "description": {
        "name": "ISPAPI v4.5.15",
        "tagline": "A leading reseller wholesale domain registration provider.",
        "long": "## No Account yet? Signup for our [LIVE System](https://www.hexonet.net/de/cart?signup=true) or [OT&E / Demo System](https://www.hexonet.net/de/signup-ote) for free!",
        "features": [
            "Automated Domain Registrations, Transfers, Renewals & Deletions",
            "Ability to View/Change Nameservers & WHOIS Info",
            "Domain Locking, ID Protection, EPP Code Retrieval",
            "DNS Host Record Management, Email Forwarding, URL Forwarding & Private Nameservers",
            "Reliable, Rock solid, incredible fast API",
            "IRTP",
            "IDNs (Internationalized Domain Names)",
            "TLD & Pricing Import/Sync",
            "Additional Domain Fields & Auto-Prefilling of fields with Customer Data",
            "Allows specifying a Proxy Server to use",
            "Support for all bulk update operations",
            "Domain & Transfer Sync",
            "DNSSec Management",
            ".SWISS Registrations"
        ]
    },
    "logo": {
        "filename": "logo.png"
    },
    "support": {
        "homepage": "https:\/\/www.hexonet.net",
        "docs_url": "https:\/\/github.com\/hexonet\/whmcs-ispapi-whmcs\/wiki\/Start-selling-domains-with-HEXONET-&-WHMCS",
        "support_url": "https:\/\/github.com\/hexonet\/whmcs-ispapi-registrar\/wiki\/Contact-Us"
    },
    "authors": [
        {
            "name": "Kai Schwarz, HEXONET GmbH",
            "homepage": "https:\/\/github.com\/papakai"
        }
    ]
}