{
  "schema": "1.0",
  "type": "whmcs-servers",
  "name": "cnichosting",
  "license": "MIT",
  "category": "digitalservices",
  "description": {
    "name": "CentralNic Hosting v27.2.6",
    "tagline": "Sell cPanel Hosting using a CentralNic Reseller reseller account.",
    "long": "",
    "features": [
      "Resell all cPanel hosting packages offered by CentralNic Reseller"
    ]
  },
  "logo": {
    "filename": "logo.png"
  },
  "support": {
    "homepage": "https:\/\/www.centralnicreseller.com\/",
    "learn_more": "https:\/\/github.com\/centralnicgroup-opensource\/rtldev-middleware-whmcs\/blob\/main\/README.md",
    "support_url": "https:\/\/www.centralnicreseller.com\/",
    "docs_url": "https:\/\/centralnic-reseller.github.io\/centralnic-reseller\/"
  },
  "authors": [
    {
      "name": "CentralNic Reseller",
      "homepage": "https:\/\/www.centralnicreseller.com\/"
    }
  ]
}
