{
	"schema": "1.0",
	"type": "whmcs-registrars",
	"name": "moniker",
	"license": "MIT",
	"category": "domains",
	"description": {
		"name": "moniker v4.1.25",
		"tagline": "A leading domain registration provider.",
		"long": "## No Account yet? Signup [here](https://www.moniker.com/en/sign-up) for free!",
		"features": [
			"Automated Domain Registrations, Transfers, Renewals & Deletions",
			"Ability to View/Change Nameservers & WHOIS Info"
		]
	},
	"logo": {
		"filename": "logo.gif"
	},
	"support": {
		"homepage": "https://www.moniker.com",
		"docs_url": "https://support.moniker.com/hc/en-gb",
		"support_url": "https://support.moniker.com/hc/en-gb"
	},
	"authors": [
		{
			"name": "Team Internet Group PLC"
		}
	]
}
