{
  "ACIM": ".ac.im",
  "ACMU": ".ac.mu",
  "ACNZ": ".ac.nz",
  "AAAPRO": ".aaa.pro",
  "ACAPRO": ".aca.pro",
  "ACCTPRO": ".acct.pro",
  "ADULTHT": ".adult.ht",
  "AEORG": ".ae.org",
  "ARCOM": ".ar.com",
  "ARCPRO": ".arc.pro",
  "ARTHT": ".art.ht",
  "ARTSNF": ".arts.nf",
  "ASSOHT": ".asso.ht",
  "AVOCATPRO": ".avocat.pro",
  "BARPRO": ".bar.pro",
  "BIZKI": ".biz.ki",
  "BIZPL": ".biz.pl",
  "BIZPR": ".biz.pr",
  "BRCOM": ".br.com",
  "CLUBTW": ".club.tw",
  "COAE": ".co.ae",
  "COAG": ".co.ag",
  "COAM": ".co.am",
  "COAT": ".co.at",
  "COBZ": ".co.bz",
  "COCM": ".co.cm",
  "COCOM": ".co.com",
  "COGG": ".co.gg",
  "COGL": ".co.gl",
  "COGY": ".co.gy",
  "COIM": ".co.im",
  "COIN": ".co.in",
  "COJE": ".co.je",
  "COJP": ".co.jp",
  "COKR": ".co.kr",
  "COLC": ".co.lc",
  "COMAF": ".com.af",
  "COMBR": ".com.br",
  "COMAG": ".com.ag",
  "COMAI": ".com.ai",
  "COMAM": ".com.am",
  "COMAR": ".com.ar",
  "COMAU": ".com.au",
  "COMBZ": ".com.bz",
  "COMCM": ".com.cm",
  "COMCN": ".com.cn",
  "COMCO": ".com.co",
  "COMDE": ".com.de",
  "COMEC": ".com.ec",
  "COMES": ".com.es",
  "COMFR": ".com.fr",
  "COMG": ".co.mg",
  "COMU": ".co.mu",
  "COMGL": ".com.gl",
  "COMGR": ".com.gr",
  "COMGY": ".com.gy",
  "COMHK": ".com.hk",
  "COMHN": ".com.hn",
  "COMHT": ".com.ht",
  "COMIM": ".com.im",
  "COMKG": ".com.kg",
  "COMKI": ".com.ki",
  "COMLC": ".com.lc",
  "COMLV": ".com.lv",
  "COMMG": ".com.mg",
  "COMMS": ".com.ms",
  "COMMT": ".com.mt",
  "COMMU": ".com.mu",
  "COMMX": ".com.mx",
  "COMMY": ".com.my",
  "COMNF": ".com.nf",
  "COMPE": ".com.pe",
  "COMPH": ".com.ph",
  "COMPL": ".com.pl",
  "COMPR": ".com.pr",
  "COMPT": ".com.pt",
  "COMRE": ".com.re",
  "COMRO": ".com.ro",
  "COMRU": ".com.ru",
  "COMUA": ".com.ua",
  "COMS": ".co.ms",
  "COMSB": ".com.sb",
  "COMSC": ".com.sc",
  "COMSE": ".com.se",
  "COMSG": ".com.sg",
  "COMSO": ".com.so",
  "COMTC": ".com.tc",
  "COMTW": ".com.tw",
  "COMVC": ".com.vc",
  "COMVE": ".com.ve",
  "CONL": ".co.nl",
  "CONZ": ".co.nz",
  "COUK": ".co.uk",
  "COVE": ".co.ve",
  "COZA": ".co.za",
  "CNCOM": ".cn.com",
  "CPAPRO": ".cpa.pro",
  "DDSPRO": ".dds.pro",
  "DECOM": ".de.com",
  "DENPRO": ".den.pro",
  "DNTPRO": ".dnt.pro",
  "EBIZTW": ".ebiz.tw",
  "EDUCO": ".edu.co",
  "EDUMX": ".edu.mx",
  "ENGPRO": ".eng.pro",
  "EPPUA": ".epp.ua",
  "EUCOM": ".eu.com",
  "FINEC": ".fin.ec",
  "FIRMHT": ".firm.ht",
  "FIRMIN": ".firm.in",
  "FIRMNF": ".firm.nf",
  "GAMETW": ".game.tw",
  "GBCOM": ".gb.com",
  "GBNET": ".gb.net",
  "GEEKNZ": ".geek.nz",
  "GENIN": ".gen.in",
  "GENNZ": ".gen.nz",
  "GOVCO": ".gov.co",
  "GOVGR": ".gov.gr",
  "GRCOM": ".gr.com",
  "HUCOM": ".hu.com",
  "HUNET": ".hu.net",
  "IDAU": ".id.au",
  "IDVTW": ".idv.tw",
  "INDIN": ".ind.in",
  "INFOEC": ".info.ec",
  "INFOHT": ".info.ht",
  "INFOKI": ".info.ki",
  "INFONF": ".info.nf",
  "INFOPL": ".info.pl",
  "INFOPR": ".info.pr",
  "INFOVE": ".info.ve",
  "INFOVN": ".info.vn",
  "INGPRO": ".ing.pro",
  "INNET": ".in.net",
  "JPNET": ".jp.net",
  "JPNCOM": ".jpn.com",
  "JURPRO": ".jur.pro",
  "KIWINZ": ".kiwi.nz",
  "KRCOM": ".kr.com",
  "LAWPRO": ".law.pro",
  "LTDCOIM": ".ltd.co.im",
  "LTDIM": ".ltd.im",
  "LTDUK": ".ltd.uk",
  "MAORINZ": ".maori.nz",
  "MEDEC": ".med.ec",
  "MEDPRO": ".med.pro",
  "MEUK": ".me.uk",
  "MEXCOM": ".mex.com",
  "MILCO": ".mil.co",
  "MOBIKI": ".mobi.ki",
  "NAMEPR": ".name.pr",
  "NAMESLD": ".name",
  "NETAE": ".net.ae",
  "NETAF": ".net.af",
  "NETAG": ".net.ag",
  "NETAI": ".net.ai",
  "NETAM": ".net.am",
  "NETAU": ".net.au",
  "NETBR": ".net.br",
  "NETBZ": ".net.bz",
  "NETCO": ".net.co",
  "NETCM": ".net.cm",
  "NETCN": ".net.cn",
  "NETEC": ".net.ec",
  "NETGG": ".net.gg",
  "NETGL": ".net.gl",
  "NETGY": ".net.gy",
  "NETHN": ".net.hn",
  "NETHT": ".net.ht",
  "NETIM": ".net.im",
  "NETIN": ".net.in",
  "NETJE": ".net.je",
  "NETKI": ".net.ki",
  "NETLC": ".net.lc",
  "NETLV": ".net.lv",
  "NETMG": ".net.mg",
  "NETMU": ".net.mu",
  "NETMY": ".net.my",
  "NETMX": ".net.mx",
  "NETNF": ".net.nf",
  "NETNZ": ".net.nz",
  "NETPE": ".net.pe",
  "NETPH": ".net.ph",
  "NETPL": ".net.pl",
  "NETPR": ".net.pr",
  "NETRU": ".net.ru",
  "NETSB": ".net.sb",
  "NETSC": ".net.sc",
  "NETSO": ".net.so",
  "NETTC": ".net.tc",
  "NETVC": ".net.vc",
  "NETVE": ".net.ve",
  "NETZA": ".net.za",
  "NOCOM": ".no.com",
  "NOMAG": ".nom.ag",
  "NOMCO": ".nom.co",
  "NOMES": ".nom.es",
  "NOMPE": ".nom.pe",
  "NOMRO": ".nom.ro",
  "OFFAI": ".off.ai",
  "ORAT": ".or.at",
  "ORJP": ".or.jp",
  "ORMU": ".or.mu",
  "ORGAE": ".org.ae",
  "ORGAF": ".org.af",
  "ORGAG": ".org.ag",
  "ORGAI": ".org.ai",
  "ORGAM": ".org.am",
  "ORGAU": ".org.au",
  "ORGBZ": ".org.bz",
  "ORGCN": ".org.cn",
  "ORGCO": ".org.co",
  "ORGES": ".org.es",
  "ORGGG": ".org.gg",
  "ORGGL": ".org.gl",
  "ORGGR": ".org.gr",
  "ORGHT": ".org.ht",
  "ORGHN": ".org.hn",
  "ORGIM": ".org.im",
  "ORGIN": ".org.in",
  "ORGJE": ".org.je",
  "ORGKG": ".org.kg",
  "ORGKI": ".org.ki",
  "ORGLC": ".org.lc",
  "ORGLV": ".org.lv",
  "ORGMG": ".org.mg",
  "ORGMS": ".org.ms",
  "ORGMU": ".org.mu",
  "ORGMX": ".org.mx",
  "ORGMY": ".org.my",
  "ORGNZ": ".org.nz",
  "ORGPE": ".org.pe",
  "ORGPH": ".org.ph",
  "ORGPL": ".org.pl",
  "ORGPR": ".org.pr",
  "ORGPT": ".org.pt",
  "ORGRO": ".org.ro",
  "ORGRU": ".org.ru",
  "ORGSB": ".org.sb",
  "ORGSC": ".org.sc",
  "ORGSO": ".org.so",
  "ORGTC": ".org.tc",
  "ORGTW": ".org.tw",
  "ORGUA": ".org.ua",
  "ORGUK": ".org.uk",
  "ORGVC": ".org.vc",
  "ORGVE": ".org.ve",
  "ORGWS": ".org.ws",
  "ORGZA": ".org.za",
  "OTHERNF": ".other.nf",
  "PERNF": ".per.nf",
  "PERSOHT": ".perso.ht",
  "PHONEKI": ".phone.ki",
  "PLCCOIM": ".plc.co.im",
  "PLCUK": ".plc.uk",
  "POLHT": ".pol.ht",
  "PPRU": ".pp.ru",
  "PROEC": ".pro.ec",
  "PROHT": ".pro.ht",
  "PROPR": ".pro.pr",
  "PROTC": ".pro.tc",
  "QCCOM": ".qc.com",
  "RADIOAM": ".radio.am",
  "RADIOFM": ".radio.fm",
  "RECHTPRO": ".recht.pro",
  "RECNF": ".rec.nf",
  "RELHT": ".rel.ht",
  "RUCOM": ".ru.com",
  "SACOM": ".sa.com",
  "SCHOOLNZ": ".school.nz",
  "SECOM": ".se.com",
  "SENET": ".se.net",
  "SHOPHT": ".shop.ht",
  "STBPRO": ".stb.pro",
  "STORENF": ".store.nf",
  "TELKI": ".tel.ki",
  "TMFR": ".tm.fr",
  "TMSE": ".tm.se",
  "UKCOM": ".uk.com",
  "UKNET": ".uk.net",
  "USCOM": ".us.com",
  "USORG": ".us.org",
  "UYCOM": ".uy.com",
  "WAWPL": ".waw.pl",
  "WEBNF": ".web.nf",
  "WEBVE": ".web.ve",
  "WEBZA": ".web.za",
  "WWWRO": ".www.ro",
  "ZACOM": ".za.com"
}
