{
  "schema": "1.0",
  "type": "whmcs-registrars",
  "name": "tppwholesale",
  "license": "MIT",
  "category": "domains",
  "description": {
    "name": "TPP Wholesale v3.0.3",
    "tagline": "20,000+ Partners across Australia, New Zealand, & Worldwide trust us!",
    "long": "## No Account yet? Signup [here](https://www.tppwholesale.com.au/join-us/) for free!",
    "features": [
      "Automate, sell and manage our world-class products with TPP Wholesale WHMCS integration modules."
    ]
  },
  "logo": {
    "filename": "logo.png"
  },
  "support": {
    "homepage": "https://www.tppwholesale.com.au",
    "docs_url": "https://centralnicgroup-public.github.io/rtldev-middleware-documentation/docs/tppwholesale/whmcs",
    "support_url": "https://www.tppwholesale.com.au/contact-us/"
  },
  "authors": [
    {
      "name": "CentralNic Group PLC"
    }
  ]
}
