{
    "phpcsparams": "--extensions=php --ignore=node_modules,vendor,templates_c -q .",
    "phpcsfixcmd": "phpcbf --standard=PSR12",
    "phpcschkcmd": "phpcs -n --colors --standard=PSR12",
    "phpcomptcmd": "phpcs -n --colors --standard=PHPCompatibility --runtime-set testVersion \"$(php -r 'echo PHP_MAJOR_VERSION . \".\" . PHP_MINOR_VERSION;')\"",
    "phpstancmd": "./vendor/bin/phpstan analyse",
    "archiveFileName": "whmcs-ispapi-premiumdns",
    "archiveBuildPath": "build",
    "filesForArchive": [
        "README.md",
        "CONTRIBUTING.md",
        "HISTORY.md",
        "LICENSE",
        "modules/**"
    ],
    "filesForCleanup": [
        "templates_c",
        "composer.lock",
        ".phpunit.result.cache",
        "package-lock.json",
        "tmp"
    ]
}