{
  "schema": "1.0",
  "type": "whmcs-addons",
  "name": "cnicdomainimport",
  "license": "MIT",
  "category": "digitalservices",
  "description": {
    "name": "\u0000 Domain Importer",
    "tagline": "Import your existing domain portfolio to WHMCS using CNIC Domain Importer Addon.",
    "long": "",
    "features": [
      "Import single domains",
      "Bulk Import",
      "Automatic Create Client Accounts based on Registrant Data",
      "Import to given Client Account"
    ]
  },
  "logo": {
		"filename": "../../registrars/cnic/logo.png"
  },
  "support": {
    "homepage": "https:\/\/www.hexonet.net\/",
    "learn_more": "https:\/\/github.com\/centralnicgroup-opensource\/rtldev-middleware-whmcs\/blob\/main\/README.md",
    "support_url": "https:\/\/www.centralnicreseller.com\/",
    "docs_url": "https://support.centralnicreseller.com/hc/en-gb/articles/13508924790429-WHMCS-Domain-Importer-Addon"
  },
  "authors": [
    {
      "name": "CentralNic Reseller",
      "homepage": "https:\/\/www.centralnicreseller.com\/"
    }
  ]
}