{
  "schema": "1.0",
  "type": "whmcs-addons",
  "name": "cnicdomainimport",
  "license": "MIT",
  "category": "digitalservices",
  "description": {
    "name": "CNIC Domain Importer Addon v20.0.0",
    "tagline": "Import your existing domain portfolio to WHMCS",
    "long": "",
    "features": [
      "Import single domains",
      "Bulk Import",
      "Automatic Create Client Accounts based on Registrant Data",
      "Import to given Client Account"
    ]
  },
  "logo": {
    "filename": "logo.png"
  },
  "support": {
    "homepage": "https:\/\/www.hexonet.net\/",
    "learn_more": "https:\/\/github.com\/centralnicgroup-opensource\/rtldev-middleware-whmcs\/blob\/main\/README.md",
    "support_url": "https:\/\/www.centralnicreseller.com\/",
    "docs_url": "https:\/\/centralnic-reseller.github.io\/centralnic-reseller\/"
  },
  "authors": [
    {
      "name": "HEXONET",
      "homepage": "https:\/\/www.hexonet.net\/"
    }
  ]
}