{
	"schema": "1.0",
	"type": "whmcs-addons",
	"name": "cnicadmin-addon",
	"license": "MIT",
	"category": "digitalservices",
	"description": {
		"name": "\u0000 CNIC Configuration Addon",
		"short": "CNIC Configuration",
		"tagline": "Manage your registrar module configuration settings using CNIC Admin Config Addon",
		"long": "This addon provides a user-friendly interface for managing the configuration settings of your registrar module. It allows you to easily update and modify settings without having to directly edit configuration files.",
		"features": [
			"Easy configuration management",
			"User-friendly interface",
			"Supports multiple registrar modules"
		]
	},
	"logo": {
		"filename": "../../registrars/cnic/logo.png"
	},
	"support": {
		"homepage": "https://www.centralnicreseller.com/",
		"learn_more": "https://github.com/centralnicgroup-opensource/rtldev-middleware-whmcs/blob/main/README.md",
		"support_url": "https://www.centralnicreseller.com/",
		"docs_url": "https://support.centralnicreseller.com/hc/en-gb/articles/27732808256157-WHMCS-CentralNic-Reseller-Configuration-Addon"
	},
	"authors": [
		{
			"name": "CentralNic Reseller",
			"homepage": "https://www.centralnicreseller.com/"
		}
	]
}
